{"duration": 47296.0, "vad": {"valence": 0.339836448431015, "arousal": 0.7674011588096619, "dominance": 0.7561390399932861}, "recorded_date": "2025-09-14"}